<?xml version="1.0" encoding="UTF-8"?>
<office:document-meta xmlns:office="urn:oasis:names:tc:opendocument:xmlns:office:1.0" xmlns:xlink="http://www.w3.org/1999/xlink" xmlns:dc="http://purl.org/dc/elements/1.1/" xmlns:meta="urn:oasis:names:tc:opendocument:xmlns:meta:1.0" xmlns:ooo="http://openoffice.org/2004/office" xmlns:grddl="http://www.w3.org/2003/g/data-view#" office:version="1.2"><office:meta><meta:initial-creator>pablo </meta:initial-creator><meta:creation-date>2012-04-22T11:36:32</meta:creation-date><meta:generator>LibreOffice/3.4$Linux LibreOffice_project/340m1$Build-402</meta:generator><meta:document-statistic meta:table-count="0" meta:image-count="0" meta:object-count="0" meta:page-count="1" meta:paragraph-count="2" meta:word-count="8" meta:character-count="47" meta:non-whitespace-character-count="41"/><dc:date>2012-04-22T11:36:56</dc:date><dc:creator>pablo </dc:creator><meta:editing-duration>PT25S</meta:editing-duration><meta:editing-cycles>1</meta:editing-cycles></office:meta></office:document-meta>